"title","price","description","rating","stars","url","category_path","price_value","review_count"
"Lenovo Legion...","$1149","Lenovo Legion Y520-15IKBM, 15.6"" FHD IPS, Core i7-7700HQ, 8GB, 128GB SSD + 1TB, GeForce GTX 1060 Max-Q 6GB, DOS","11 reviews","0","https://webscraper.io/test-sites/e-commerce/allinone/product/55","Computers","1149.0","11"
"Lenovo V510 Bl...","$487.8","Lenovo V510 Black, 15.6"" HD, Core i3-6006U, 4GB, 128GB SSD, Windows 10 Home","9 reviews","0","https://webscraper.io/test-sites/e-commerce/allinone/product/89","Computers","487.8","9"
"HP 250 G3","$520.99","15.6"", Core i5-4210U, 4GB, 500GB, Windows 8.1","13 reviews","0","https://webscraper.io/test-sites/e-commerce/allinone/product/42","Computers","520.99","13"
"Lenovo Legion...","$1149","Lenovo Legion Y520-15IKBM, 15.6"" FHD IPS, Core i7-7700HQ, 8GB, 128GB SSD + 1TB, GeForce GTX 1060 Max-Q 6GB, DOS","11 reviews","0","https://webscraper.io/test-sites/e-commerce/allinone/product/55","Computers > Computers","1149.0","11"
"Lenovo V510 Bl...","$487.8","Lenovo V510 Black, 15.6"" HD, Core i3-6006U, 4GB, 128GB SSD, Windows 10 Home","9 reviews","0","https://webscraper.io/test-sites/e-commerce/allinone/product/89","Computers > Computers","487.8","9"
"HP 250 G3","$520.99","15.6"", Core i5-4210U, 4GB, 500GB, Windows 8.1","13 reviews","0","https://webscraper.io/test-sites/e-commerce/allinone/product/42","Computers > Computers","520.99","13"
"Asus VivoBook...","$295.99","Asus VivoBook X441NA-GA190 Chocolate Black, 14"", Celeron N3450, 4GB, 128GB SSD, Endless OS, ENG kbd","14 reviews","0","https://webscraper.io/test-sites/e-commerce/allinone/product/60","Computers > Laptops","295.99","14"
"Prestigio Smar...","$299","Prestigio SmartBook 133S Dark Grey, 13.3"" FHD IPS, Celeron N3350 1.1GHz, 4GB, 32GB, Windows 10 Pro + Office 365 1 gadam","8 reviews","0","https://webscraper.io/test-sites/e-commerce/allinone/product/61","Computers > Laptops","299.0","8"
"Prestigio Smar...","$299","Prestigio SmartBook 133S Gold, 13.3"" FHD IPS, Celeron N3350 1.1GHz, 4GB, 32GB, Windows 10 Pro + Office 365 1 gadam","12 reviews","0","https://webscraper.io/test-sites/e-commerce/allinone/product/62","Computers > Laptops","299.0","12"
"Aspire E1-510","$306.99","15.6"", Pentium N3520 2.16GHz, 4GB, 500GB, Linux","2 reviews","0","https://webscraper.io/test-sites/e-commerce/allinone/product/32","Computers > Laptops","306.99","2"
"Lenovo V110-15...","$321.94","Lenovo V110-15IAP, 15.6"" HD, Celeron N3350 1.1GHz, 4GB, 128GB SSD, Windows 10 Home","5 reviews","0","https://webscraper.io/test-sites/e-commerce/allinone/product/63","Computers > Laptops","321.94","5"
"Lenovo V110-15...","$356.49","Asus VivoBook 15 X540NA-GQ008T Chocolate Black, 15.6"" HD, Pentium N4200, 4GB, 500GB, Windows 10 Home, En kbd","6 reviews","0","https://webscraper.io/test-sites/e-commerce/allinone/product/64","Computers > Laptops","356.49","6"
"Hewlett Packar...","$364.46","Hewlett Packard 250 G6 Dark Ash Silver, 15.6"" HD, Celeron N3060 1.6GHz, 4GB, 128GB SSD, DOS","12 reviews","0","https://webscraper.io/test-sites/e-commerce/allinone/product/65","Computers > Laptops","364.46","12"
"Acer Aspire 3...","$372.7","Acer Aspire 3 A315-31 Black, 15.6"" HD, Celeron N3350 1.1GHz, 4GB, 128GB SSD, Windows 10 Home","2 reviews","0","https://webscraper.io/test-sites/e-commerce/allinone/product/66","Computers > Laptops","372.7","2"
"Acer Aspire A3...","$379.94","Acer Aspire A315-31-C33J Black 15.6"", HD, Celeron N3350, 4GB DDR3L, 128GB, Windows 10 Home, ENG","0 reviews","0","https://webscraper.io/test-sites/e-commerce/allinone/product/67","Computers > Laptops","379.94","0"
"Acer Aspire ES...","$379.95","Acer Aspire ES1-572 Black, 15.6"" HD, Core i3-6006U, 4GB, 128GB SSD, Linux","9 reviews","0","https://webscraper.io/test-sites/e-commerce/allinone/product/68","Computers > Laptops","379.95","9"
"Acer Aspire 3...","$391.48","Acer Aspire 3 A315-31 Black, 15.6"" HD, Pentium N4200 1.1GHz, 4GB, 128GB SSD, Windows 10 Home","10 reviews","0","https://webscraper.io/test-sites/e-commerce/allinone/product/69","Computers > Laptops","391.48","10"
"Acer Aspire 3...","$393.88","Acer Aspire 3 A315-21, 15.6"", AMD A4-9120. 4GB. 128GB SSD, Linux","9 reviews","0","https://webscraper.io/test-sites/e-commerce/allinone/product/70","Computers > Laptops","393.88","9"
"Asus VivoBook...","$399","Asus VivoBook Max X541NA-GQ041 Black Chocolate, 15.6"" HD, Pentium N4200 1.1GHz, 4GB, 500GB, Windows 10 Home","4 reviews","0","https://webscraper.io/test-sites/e-commerce/allinone/product/45","Computers > Laptops","399.0","4"
"Asus VivoBook...","$399.99","Asus VivoBook E502NA-GO022T Dark Blue, 15.6"" HD, Pentium N4200 1.1GHz, 4GB, 128GB SSD, Windows 10 Home, En/Ru kbd","3 reviews","0","https://webscraper.io/test-sites/e-commerce/allinone/product/71","Computers > Laptops","399.99","3"
"Lenovo ThinkPa...","$404.23","Lenovo ThinkPad E31-80, 13.3"" HD, Celeron 3855U 1.6GHz, 4GB, 128GB SSD, Windows 10 Home","12 reviews","0","https://webscraper.io/test-sites/e-commerce/allinone/product/72","Computers > Laptops","404.23","12"
"Acer Aspire 3...","$408.98","Acer Aspire 3 A315-31 Black, 15.6"" HD, Pentium N4200 1.1GHz, 4GB, 128GB SSD, Windows 10 Home","10 reviews","0","https://webscraper.io/test-sites/e-commerce/allinone/product/73","Computers > Laptops","408.98","10"
"Lenovo V110-15...","$409.63","Lenovo V110-15ISK, 15.6"" HD, Core i3-6006U, 8GB, 128GB SSD, Windows 10 Home","9 reviews","0","https://webscraper.io/test-sites/e-commerce/allinone/product/74","Computers > Laptops","409.63","9"
"Acer Aspire ES...","$410.46","Acer Aspire ES1-732 Black, 17.3"" HD+, Celeron, N3350, 4GB, 1TB, Windows 10 Home","14 reviews","0","https://webscraper.io/test-sites/e-commerce/allinone/product/75","Computers > Laptops","410.46","14"
"Asus VivoBook...","$410.66","Asus VivoBook 15 X540NA-GQ026T Chocolate Black, 15.6"" HD, Pentium N4200, 4GB, 128GB SSD, Windows 10 Home, En/Ru kbd","4 reviews","0","https://webscraper.io/test-sites/e-commerce/allinone/product/76","Computers > Laptops","410.66","4"
"Packard 255 G2","$416.99","15.6"", AMD E2-3800 1.3GHz, 4GB, 500GB, Windows 8.1","2 reviews","0","https://webscraper.io/test-sites/e-commerce/allinone/product/31","Computers > Laptops","416.99","2"
"Asus EeeBook R...","$433.3","Asus EeeBook R416NA-FA014T, 14"" FHD, Pentium N4200, 4GB, 128GB eMMC, Windows 10 Home, Eng kbd","1 reviews","0","https://webscraper.io/test-sites/e-commerce/allinone/product/77","Computers > Laptops","433.3","1"
"Acer Aspire 3...","$436.29","Acer Aspire 3 A315-51, 15.6"" HD, Core i3-6006U, 4GB, 1TB, Windows 10 Home","1 reviews","0","https://webscraper.io/test-sites/e-commerce/allinone/product/78","Computers > Laptops","436.29","1"
"Acer Aspire ES...","$436.29","Acer Aspire ES1-572 Black, 15.6"" HD, Core i3-6006U, 4GB, 500GB, Windows 10 Home","2 reviews","0","https://webscraper.io/test-sites/e-commerce/allinone/product/79","Computers > Laptops","436.29","2"
"Acer Extensa 1...","$439.73","Acer Extensa 15 (2540) Black, 15.6"" HD, Core i5-7200U, 4GB, 500GB, Linux","6 reviews","0","https://webscraper.io/test-sites/e-commerce/allinone/product/80","Computers > Laptops","439.73","6"
"Acer Aspire ES...","$454.62","Acer Aspire ES1-572 Black, 15.6"" HD, Core i5-7200U, 4GB, 500GB, Linux","9 reviews","0","https://webscraper.io/test-sites/e-commerce/allinone/product/81","Computers > Laptops","454.62","9"
"Lenovo V110-15...","$454.73","Lenovo V110-15ISK, 15.6"" HD, Core i3-6006U, 4GB, 128GB SSD, Windows 10 Pro","2 reviews","0","https://webscraper.io/test-sites/e-commerce/allinone/product/82","Computers > Laptops","454.73","2"
"Acer Aspire A3...","$457.38","Acer Aspire A315-51-33TG, Black 15.6"" HD, Core i3-7100U, 4GB DDR4, 128GB SSD, Windows 10 Home, ENG","9 reviews","0","https://webscraper.io/test-sites/e-commerce/allinone/product/83","Computers > Laptops","457.38","9"
"Lenovo V110-15...","$465.95","Lenovo V110-15IKB, 15.6"" HD, Core i5-7200U, 4GB, 500GB, DOS","7 reviews","0","https://webscraper.io/test-sites/e-commerce/allinone/product/84","Computers > Laptops","465.95","7"
"Asus VivoBook...","$468.56","Asus VivoBook 15 X540UA-DM260 Chocolate Black, 15.6"" FHD, Core i3-6006U, 4GB, 256GB SSD, Endless OS, En kbd","1 reviews","0","https://webscraper.io/test-sites/e-commerce/allinone/product/85","Computers > Laptops","468.56","1"
"Acer Aspire ES...","$469.1","Acer Aspire ES1-572 Black, 15.6"" HD, Core i3-6006U, 4GB, 128GB SSD, Windows 10 Home","5 reviews","0","https://webscraper.io/test-sites/e-commerce/allinone/product/86","Computers > Laptops","469.1","5"
"Lenovo V510 Bl...","$484.23","Lenovo V510 Black, 14"" HD, Core i3-6006U, 4GB, 128GB SSD, Windows 10 Home","8 reviews","0","https://webscraper.io/test-sites/e-commerce/allinone/product/87","Computers > Laptops","484.23","8"
"Acer Aspire ES...","$485.9","Acer Aspire ES1-572 Black, 15.6"" HD, Core i5-7200U, 4GB, 128GB SSD, Linux","6 reviews","0","https://webscraper.io/test-sites/e-commerce/allinone/product/88","Computers > Laptops","485.9","6"
"Lenovo V510 Bl...","$487.8","Lenovo V510 Black, 15.6"" HD, Core i3-6006U, 4GB, 128GB SSD, Windows 10 Home","9 reviews","0","https://webscraper.io/test-sites/e-commerce/allinone/product/89","Computers > Laptops","487.8","9"
"Acer Swift 1 S...","$488.64","Acer Swift 1 SF113-31 Silver, 13.3"" FHD, Pentium N4200, 4GB, 128GB SSD, Windows 10 Home","4 reviews","0","https://webscraper.io/test-sites/e-commerce/allinone/product/90","Computers > Laptops","488.64","4"
"Dell Vostro 15","$488.78","Dell Vostro 15 (3568) Black, 15.6"" FHD, Core i5-7200U, 4GB, 128GB SSD, Radeon R5 M420 2GB, Linux","14 reviews","0","https://webscraper.io/test-sites/e-commerce/allinone/product/46","Computers > Laptops","488.78","14"
"Acer Aspire 3...","$494.71","Acer Aspire 3 A315-51 Black, 15.6"" FHD, Core i3-7100U, 4GB, 500GB + 128GB SSD, Windows 10 Home","2 reviews","0","https://webscraper.io/test-sites/e-commerce/allinone/product/91","Computers > Laptops","494.71","2"
"Dell Vostro 15...","$497.17","Dell Vostro 15 (3568) Red, 15.6"" HD, Core i5-7200U, 4GB, 1TB, Radeon R5 M420 2GB, Linux","9 reviews","0","https://webscraper.io/test-sites/e-commerce/allinone/product/92","Computers > Laptops","497.17","9"
"Lenovo V510 Bl...","$498.23","Lenovo V510 Black, 15.6"" FHD, Core i3-7100U, 4GB, 128GB SSD, Windows 10 Pro","5 reviews","0","https://webscraper.io/test-sites/e-commerce/allinone/product/93","Computers > Laptops","498.23","5"
"HP 250 G3","$520.99","15.6"", Core i5-4210U, 4GB, 500GB, Windows 8.1","13 reviews","0","https://webscraper.io/test-sites/e-commerce/allinone/product/42","Computers > Laptops","520.99","13"
"Acer Spin 5","$564.98","Acer Spin 5 SP513-51 Black, 13.3"" FHD Touch, Core i3-7100U, 4GB, 128GB SSD, Windows 10 Home","0 reviews","0","https://webscraper.io/test-sites/e-commerce/allinone/product/47","Computers > Laptops","564.98","0"
"HP 350 G1","$577.99","15.6"", Core i5-4200U, 4GB, 750GB, Radeon HD8670M 2GB, Windows","10 reviews","0","https://webscraper.io/test-sites/e-commerce/allinone/product/44","Computers > Laptops","577.99","10"
"Aspire E1-572G","$581.99","15.6"", Core i5-4200U, 8GB, 1TB, Radeon R7 M265, Windows 8.1","2 reviews","0","https://webscraper.io/test-sites/e-commerce/allinone/product/36","Computers > Laptops","581.99","2"
"Pavilion","$609.99","15.6"", Core i5-4200U, 6GB, 750GB, Windows 8.1","4 reviews","0","https://webscraper.io/test-sites/e-commerce/allinone/product/38","Computers > Laptops","609.99","4"
"Acer Aspire A5...","$679","Acer Aspire A515-51-5654, Black, 15.6"", FHD, Core i5-8250U, 8GB DDR4, 256GB SSD, Windows 10 Home, ENG","9 reviews","0","https://webscraper.io/test-sites/e-commerce/allinone/product/48","Computers > Laptops","679.0","9"
"Dell Inspiron...","$679","Dell Inspiron 15 (5567) Fog Gray, 15.6"" FHD, Core i5-7200U, 8GB, 1TB, Radeon R7 M445 4GB, Linux","7 reviews","0","https://webscraper.io/test-sites/e-commerce/allinone/product/49","Computers > Laptops","679.0","7"
"Asus VivoBook...","$729","Asus VivoBook S14 (S406UA-BV041T) Starry Grey, 14"", Core i5-8250U, 8GB, 256GB SSD, Windows 10 Home, Eng kbd","2 reviews","0","https://webscraper.io/test-sites/e-commerce/allinone/product/50","Computers > Laptops","729.0","2"
"ProBook","$739.99","14"", Core i5 2.6GHz, 4GB, 500GB, Win7 Pro 64bit","8 reviews","0","https://webscraper.io/test-sites/e-commerce/allinone/product/34","Computers > Laptops","739.99","8"
"Inspiron 15","$745.99","Moon Silver, 15.6"", Core i7-4510U, 8GB, 1TB, Radeon HD R7 M265 2GB,","12 reviews","0","https://webscraper.io/test-sites/e-commerce/allinone/product/39","Computers > Laptops","745.99","12"
"Asus ROG STRIX...","$799","Asus ROG STRIX GL553VD-DM256, 15.6"" FHD, Core i5-7300HQ, 8GB, 1TB, GeForce GTX 1050 2GB, No OS","7 reviews","0","https://webscraper.io/test-sites/e-commerce/allinone/product/51","Computers > Laptops","799.0","7"
"Acer Nitro 5 A...","$809","Acer Nitro 5 AN515-51, 15.6"" FHD IPS, Core i5-7300HQ, 8GB, 1TB, GeForce GTX 1050 2GB, Windows 10 Home","0 reviews","0","https://webscraper.io/test-sites/e-commerce/allinone/product/52","Computers > Laptops","809.0","0"
"Asus ROG STRIX...","$899","Asus ROG STRIX GL553VD-DM256, 15.6"" FHD, Core i5-7300HQ, 8GB, 1TB, GeForce GTX 1050 2GB, No OS + Windows 10 Home","7 reviews","0","https://webscraper.io/test-sites/e-commerce/allinone/product/53","Computers > Laptops","899.0","7"
"Lenovo ThinkPa...","$999","Lenovo ThinkPad L570, 15.6"" FHD, Core i7-7500U, 8GB, 256GB SSD, Windows 10 Pro","11 reviews","0","https://webscraper.io/test-sites/e-commerce/allinone/product/54","Computers > Laptops","999.0","11"
"ThinkPad Yoga","$1033.99","12.5"" Touch, Core i3-4010U, 4GB, 500GB + 16GB SSD Cache,","13 reviews","0","https://webscraper.io/test-sites/e-commerce/allinone/product/37","Computers > Laptops","1033.99","13"
"Lenovo ThinkPa...","$1096.02","Lenovo ThinkPad L460, 14"" FHD IPS, Core i7-6600U, 8GB, 256GB SSD, Windows 10 Pro","14 reviews","0","https://webscraper.io/test-sites/e-commerce/allinone/product/94","Computers > Laptops","1096.02","14"
"Dell Inspiron...","$1098.42","Dell Inspiron 15 (7567) Black, 15.6"" FHD, Core i5-7300HQ, 8GB, 256GB SSD, GeForce GTX 1050 4GB, Windows 10 Home","7 reviews","0","https://webscraper.io/test-sites/e-commerce/allinone/product/95","Computers > Laptops","1098.42","7"
"MSI GL72M 7RDX","$1099","MSI GL72M 7RDX, 17.3"" FHD, Core i5-7300HQ, 8GB, 1TB + 128GB SSD, GeForce GTX 1050 2GB, Windows 10 Home","1 reviews","0","https://webscraper.io/test-sites/e-commerce/allinone/product/96","Computers > Laptops","1099.0","1"
"MSI GL72M 7RDX","$1099","Asus ROG Strix GL553VD-DM535T, 15.6"" FHD, Core i7-7700HQ, 8GB, 1TB + 128GB SSD, GeForce GTX 1050 2GB, Windows 10 Home, Eng kbd","9 reviews","0","https://webscraper.io/test-sites/e-commerce/allinone/product/97","Computers > Laptops","1099.0","9"
"Asus ROG Strix...","$1101.83","Apple MacBook Air 13.3"", Core i5 1.8GHz, 8GB, 128GB SSD, Intel HD 4000, RUS","4 reviews","0","https://webscraper.io/test-sites/e-commerce/allinone/product/98","Computers > Laptops","1101.83","4"
"Dell Latitude...","$1102.66","Dell Latitude 5280, 12.5"" HD, Core i5-7300U, 8GB, 256GB SSD, Windows 10 Pro","8 reviews","0","https://webscraper.io/test-sites/e-commerce/allinone/product/99","Computers > Laptops","1102.66","8"
"Dell Latitude...","$1110.14","Dell Latitude 5480, 14"" FHD, Core i5-7300U, 8GB, 500GB, Linux + Windows 10 Home","4 reviews","0","https://webscraper.io/test-sites/e-commerce/allinone/product/100","Computers > Laptops","1110.14","4"
"Lenovo Legion...","$1112.91","Lenovo Legion Y520-15IKBM, Black, 15.6"" FHD IPS, Core i5-7300HQ, 8 GB, 128GB SSD + 2 TB HDD, NVIDIA GeForce GTX 1060 6 GB, FreeDOS + Windows 10 Home","1 reviews","0","https://webscraper.io/test-sites/e-commerce/allinone/product/101","Computers > Laptops","1112.91","1"
"Toshiba Porteg...","$1114.55","Toshiba Portege Z30-C-16J Grey, 13.3"" FHD, Core i5-6200U, 8GB, 256GB SSD, Windows 10 Pro","0 reviews","0","https://webscraper.io/test-sites/e-commerce/allinone/product/102","Computers > Laptops","1114.55","0"
"Acer Predator...","$1123.87","Acer Predator Helios 300 (PH317-51), 17.3"" FHD IPS, Core i5-7300HQ, 8GB, 1TB + 128GB SSD, GeForce GTX 1050Ti 4GB, Windows 10 Home","1 reviews","0","https://webscraper.io/test-sites/e-commerce/allinone/product/103","Computers > Laptops","1123.87","1"
"Acer Aspire 7...","$1123.87","Acer Aspire 7 A715-71G, 15.6"" FHD IPS, Core i7-7700HQ, 8GB, 128GB SSD + 1TB HDD, GTX 1050 Ti 4GB, Windows 10 Home","4 reviews","0","https://webscraper.io/test-sites/e-commerce/allinone/product/104","Computers > Laptops","1123.87","4"
"Dell Inspiron...","$1124.2","Dell Inspiron 17 2in1 (7779) Silver, 17.3"" FHD Touch, Core i5-7200U, 12GB, 1TB, GeForce GT940MX 2GB, Windows 10 Home","10 reviews","0","https://webscraper.io/test-sites/e-commerce/allinone/product/105","Computers > Laptops","1124.2","10"
"Dell Latitude...","$1133.82","Dell Latitude 5480, 14"" FHD, Core i5-7300U, 8GB, 500GB, Windows 10 Pro","14 reviews","0","https://webscraper.io/test-sites/e-commerce/allinone/product/106","Computers > Laptops","1133.82","14"
"Lenovo Legion...","$1133.91","Lenovo Legion Y520, 15.6"" FHD, Core i7-7700HQ, 8GB, 128 GB SSD + 1TB HDD, GTX 1050 4GB, Windows 10 Home","13 reviews","0","https://webscraper.io/test-sites/e-commerce/allinone/product/107","Computers > Laptops","1133.91","13"
"Asus AsusPro A...","$1139.54","Asus AsusPro Advanced BU401LA-FA271G Dark Grey, 14"", Core i5-4210U, 4GB, 128GB SSD, Win7 Pro 64bit, ENG","7 reviews","0","https://webscraper.io/test-sites/e-commerce/allinone/product/108","Computers > Laptops","1139.54","7"
"Acer Nitro 5 A...","$1140.62","Acer Nitro 5 AN515-51, 15.6"" FHD IPS, Core i7-7700HQ, 8GB, 256GB SSD +1TB, GeForce GTX 1050 Ti 4GB, Windows 10 Home + Windows 10 Home","14 reviews","0","https://webscraper.io/test-sites/e-commerce/allinone/product/109","Computers > Laptops","1140.62","14"
"Dell Latitude...","$1143.4","Dell Latitude 5480, 14"" FHD, Core i5-7440HQ, 8GB, 256GB SSD, Windows 10 Pro","5 reviews","0","https://webscraper.io/test-sites/e-commerce/allinone/product/110","Computers > Laptops","1143.4","5"
"Dell Inspiron...","$1144.2","Dell Inspiron 15 (7567) Black, 15.6"" FHD, Core i7-7700HQ, 8GB, 1TB, GeForce GTX 1050 Ti 4GB, Linux + Windows 10 Home","2 reviews","0","https://webscraper.io/test-sites/e-commerce/allinone/product/111","Computers > Laptops","1144.2","2"
"Dell Latitude...","$1144.4","Dell Latitude 5580, 15.6"" FHD, Core i5-7300U, 8GB, 256GB SSD, Windows 10 Pro","10 reviews","0","https://webscraper.io/test-sites/e-commerce/allinone/product/112","Computers > Laptops","1144.4","10"
"Lenovo Legion...","$1149","Lenovo Legion Y520-15IKBM, 15.6"" FHD IPS, Core i7-7700HQ, 8GB, 128GB SSD + 1TB, GeForce GTX 1060 Max-Q 6GB, DOS","11 reviews","0","https://webscraper.io/test-sites/e-commerce/allinone/product/55","Computers > Laptops","1149.0","11"
"MSI GP62M 7RDX...","$1149","MSI GP62M 7RDX Leopard, 15.6"" FHD, Core i7-7700HQ, 8GB, 1TB + 128GB SSD, GeForce GTX 1050 2GB, Windows 10 Home","11 reviews","0","https://webscraper.io/test-sites/e-commerce/allinone/product/113","Computers > Laptops","1149.0","11"
"Lenovo Yoga 72...","$1149.73","Lenovo Yoga 720 Grey, 15.6"" FHD IPS, Core i5-7300HQ, 8GB, 256GB SSD, GeForce GTX 1050 2GB, Windows 10 Home","12 reviews","0","https://webscraper.io/test-sites/e-commerce/allinone/product/114","Computers > Laptops","1149.73","12"
"Toshiba Porteg...","$1154.04","Toshiba Portege Z30-C-16L Grey, 13.3"" FHD, Core i7-6500U, 8GB, 256GB SSD, Windows 10 Pro","7 reviews","0","https://webscraper.io/test-sites/e-commerce/allinone/product/115","Computers > Laptops","1154.04","7"
"Acer TravelMat...","$1170.1","Acer TravelMate P645-S-511A Black, 14"" FHD IPS, Core i5-5200U, 8GB, 256GB SSD, 3G, Windows 10 Pro","0 reviews","0","https://webscraper.io/test-sites/e-commerce/allinone/product/116","Computers > Laptops","1170.1","0"
"Dell Latitude...","$1178.19","Dell Latitude 5580, 15.6"" FHD, Core i5-7300U, 16GB, 256GB SSD, Linux + Windows 10 Home","6 reviews","0","https://webscraper.io/test-sites/e-commerce/allinone/product/117","Computers > Laptops","1178.19","6"
"ThinkPad T540p","$1178.99","15.6"", Core i5-4200M, 4GB, 500GB, Win7 Pro 64bit","2 reviews","0","https://webscraper.io/test-sites/e-commerce/allinone/product/33","Computers > Laptops","1178.99","2"
"MSI GS63 7RD S...","$1179","MSI GS63 7RD Stealth, 15.6"" FHD IPS, Core i7-7700HQ, 8GB, 256GB SSD, GeForce GTX 1050 2GB, DOS + Windows 10 Home","2 reviews","0","https://webscraper.io/test-sites/e-commerce/allinone/product/118","Computers > Laptops","1179.0","2"
"Dell Latitude...","$1187.88","Dell Latitude 5480, 14"" FHD, Core i5-7300U, 8GB, 256GB SSD, Windows 10 Pro","5 reviews","0","https://webscraper.io/test-sites/e-commerce/allinone/product/119","Computers > Laptops","1187.88","5"
"Acer Predator...","$1187.98","Acer Predator Helios 300 (PH317-51), 17.3"" FHD IPS, Core i7-7700HQ. 8GB, 128GB SSD +1TB, GeForce GTX 1050Ti 4GB, Linux + Windows 10 Home","14 reviews","0","https://webscraper.io/test-sites/e-commerce/allinone/product/120","Computers > Laptops","1187.98","14"
"MSI GL62M 7REX","$1199","MSI GL62M 7REX, 15.6"" FHD, Core i7-7700HQ, 8GB, 1TB + 128GB SSD, GeForce GTX 1050 Ti 2GB, Windows 10 Home","7 reviews","0","https://webscraper.io/test-sites/e-commerce/allinone/product/121","Computers > Laptops","1199.0","7"
"MSI GL62M 7REX...","$1199","MSI GL62M 7REX2, 15.6"" FHD, Core i7-7700HQ, 8GB, 1TB + 128GB SSD, GeForce GTX 1050 Ti 2GB, Windows 10 Home","12 reviews","0","https://webscraper.io/test-sites/e-commerce/allinone/product/122","Computers > Laptops","1199.0","12"
"Lenovo Yoga 91...","$1199.73","Lenovo Yoga 910 Grey, 13.9"" FHD Touch, Core i5-7200U, 8GB, 256GB SSD, Windows 10 Home","7 reviews","0","https://webscraper.io/test-sites/e-commerce/allinone/product/123","Computers > Laptops","1199.73","7"
"Toshiba Porteg...","$1203.41","Toshiba Portege X30-D-10J Black/Blue, 13.3"" FHD IPS, Core i5-7200U, 8GB, 256GB SSD, Windows 10 Pro","13 reviews","0","https://webscraper.io/test-sites/e-commerce/allinone/product/124","Computers > Laptops","1203.41","13"
"Lenovo IdeaPad...","$1212.16","Lenovo IdeaPad Miix 510 Platinum Silver, 12.2"" IPS Touch, Core i5-7200U, 8GB, 256GB SSD, 4G, Windows 10 Pro","0 reviews","0","https://webscraper.io/test-sites/e-commerce/allinone/product/125","Computers > Laptops","1212.16","0"
"Acer Predator...","$1221.58","Acer Predator Helios 300 (PH317-51), 17.3"" FHD IPS, Core i7-7700HQ, 8GB, 1TB + 128GB SSD, GeForce GTX 1050 Ti 4GB, Windows 10 Home","9 reviews","0","https://webscraper.io/test-sites/e-commerce/allinone/product/126","Computers > Laptops","1221.58","9"
"ThinkPad Yoga","$1223.99","12.5"" Touch, Core i5 4200U, 8GB, 500GB + 16GB SSD Cache, Windows","2 reviews","0","https://webscraper.io/test-sites/e-commerce/allinone/product/43","Computers > Laptops","1223.99","2"
"Asus VivoBook...","$1235.49","Asus VivoBook Pro 15 N580VN-FI006T Gold Metal, 15.6"" UHD, Core i7-7700HQ, 16GB, 1TB + 256GB SSD, GeForce MX150 2GB, Windows 10 Home, Eng kbd","10 reviews","0","https://webscraper.io/test-sites/e-commerce/allinone/product/127","Computers > Laptops","1235.49","10"
"Dell Latitude...","$1238.37","Dell Latitude 5480, 14"" FHD, Core i7-7600U, 8GB, 256GB SSD, Linux","0 reviews","0","https://webscraper.io/test-sites/e-commerce/allinone/product/128","Computers > Laptops","1238.37","0"
"Asus ZenBook U...","$1239.2","Asus ZenBook UX530UX-FY040T Blue, 15.6"" FHD, Core i7-7500U, 8GB, 512GB SSD, GeForce GTX950M 2GB, Windows 10 Home, Eng kbd","14 reviews","0","https://webscraper.io/test-sites/e-commerce/allinone/product/129","Computers > Laptops","1239.2","14"
"ThinkPad X230","$1244.99","12.5"", Core i5 2.6GHz, 8GB, 180GB SSD, Win7 Pro 64bit","10 reviews","0","https://webscraper.io/test-sites/e-commerce/allinone/product/41","Computers > Laptops","1244.99","10"
"Asus ROG Strix...","$1259","Asus ROG Strix GL753VE-GC096T, 17.3"" FHD, Core i7-7700HQ, 8GB, 1TB + 128GB SSD, GeForce GTX 1050 Ti 4GB, Windows 10 Home, Eng kbd","7 reviews","0","https://webscraper.io/test-sites/e-commerce/allinone/product/130","Computers > Laptops","1259.0","7"
"Apple MacBook...","$1260.13","Apple MacBook Air 13"", i5 1.8GHz, 8GB, 256GB SSD, Intel HD 6000, ENG","8 reviews","0","https://webscraper.io/test-sites/e-commerce/allinone/product/131","Computers > Laptops","1260.13","8"
"Dell Latitude...","$1271.06","Dell Latitude 5480, 14"" FHD, Core i7-7600U, 8GB, 1TB, GeForce GT930MX, Windows 10 Pro","13 reviews","0","https://webscraper.io/test-sites/e-commerce/allinone/product/132","Computers > Laptops","1271.06","13"
"Hewlett Packar...","$1273.11","Hewlett Packard Spectre 13-v106na Dark Ash Silver, 13.3"" FHD IPS, Core i5-7200U, 8GB, 256GB SSD, Windows 10 Home","8 reviews","0","https://webscraper.io/test-sites/e-commerce/allinone/product/133","Computers > Laptops","1273.11","8"
"Dell XPS 13","$1281.99","13.3"" Touch, Core i5-4210U, 8GB, 128GB SSD, Windows 8.1","4 reviews","0","https://webscraper.io/test-sites/e-commerce/allinone/product/40","Computers > Laptops","1281.99","4"
"Toshiba Porteg...","$1294.74","Toshiba Portege Z30-C-16K Grey, 13.3"" FHD, Core i5-6200U, 8GB, 256GB SSD, 4G, Windows 10 Pro","6 reviews","0","https://webscraper.io/test-sites/e-commerce/allinone/product/134","Computers > Laptops","1294.74","6"
"MSI GL62VR 7RF...","$1299","MSI GL62VR 7RFX, 15.6"" FHD, Core i7-7700HQ, 8GB, 1TB + 256GB SSD, GeForce GTX 1060 3GB, Windows 10 Home","1 reviews","0","https://webscraper.io/test-sites/e-commerce/allinone/product/135","Computers > Laptops","1299.0","1"
"Dell Latitude...","$1310.39","Dell Latitude 5480, 14"" FHD, Core i7-7600U, 8GB, 256GB SSD, Windows 10 Pro","8 reviews","0","https://webscraper.io/test-sites/e-commerce/allinone/product/136","Computers > Laptops","1310.39","8"
"ThinkPad X240","$1311.99","12.5"", Core i5-4300U, 8GB, 240GB SSD, Win7 Pro 64bit","12 reviews","0","https://webscraper.io/test-sites/e-commerce/allinone/product/35","Computers > Laptops","1311.99","12"
"Hewlett Packar...","$1326.83","Hewlett Packard ProBook 640 G3, 14"" FHD, Core i7-7600U, 8GB, 256GB SSD, Windows 10 Pro","2 reviews","0","https://webscraper.io/test-sites/e-commerce/allinone/product/137","Computers > Laptops","1326.83","2"
"Apple MacBook...","$1333","Apple MacBook Pro 13"" Space Gray, Core i5 2.3GHz, 8GB, 128GB SSD, Iris Plus 640, ENG","0 reviews","0","https://webscraper.io/test-sites/e-commerce/allinone/product/138","Computers > Laptops","1333.0","0"
"Dell Latitude...","$1337.28","Dell Latitude 5580, 15.6"" FHD, Core i7-7600U, 8GB, 256GB SSD, GeForce GT930MX, Windows 10 Pro","6 reviews","0","https://webscraper.io/test-sites/e-commerce/allinone/product/139","Computers > Laptops","1337.28","6"
"Dell Latitude...","$1338.37","Dell Latitude 5480, 14"" FHD, Core i7-7600U, 8GB, 256GB SSD, Linux + Windows 10 Home","11 reviews","0","https://webscraper.io/test-sites/e-commerce/allinone/product/140","Computers > Laptops","1338.37","11"
"Dell Latitude...","$1341.22","Dell Latitude 5580, 15.6"" FHD, Core i7-7600U, 16GB, 256GB SSD, GeForce GT930MX, Linux","3 reviews","0","https://webscraper.io/test-sites/e-commerce/allinone/product/141","Computers > Laptops","1341.22","3"
"Apple MacBook...","$1347.78","Apple MacBook Air 13"", Intel Core i5 1.8GHz, 8GB, 256GB SSD, Intel HD 6000, RUS","11 reviews","0","https://webscraper.io/test-sites/e-commerce/allinone/product/142","Computers > Laptops","1347.78","11"
"Lenovo ThinkPa...","$1349.23","Lenovo ThinkPad T470, 14"" FHD IPS, Core i5-7200U, 8GB, 256GB SSD, Windows 10 Pro","5 reviews","0","https://webscraper.io/test-sites/e-commerce/allinone/product/143","Computers > Laptops","1349.23","5"
"Lenovo ThinkPa...","$1362.24","Lenovo ThinkPad Yoga 370 Black, 13.3"" FHD IPS Touch, Core i5-7200U, 8GB, 256GB SSD, 4G, Windows 10 Pro","12 reviews","0","https://webscraper.io/test-sites/e-commerce/allinone/product/144","Computers > Laptops","1362.24","12"
"Toshiba Porteg...","$1366.32","Toshiba Portege X20W-D-10V Black/Blue, 12.5"" FHD Touch, Core i7-7500U, 8GB, 512GB SSD, Windows 10 Pro","11 reviews","0","https://webscraper.io/test-sites/e-commerce/allinone/product/145","Computers > Laptops","1366.32","11"
"Asus ASUSPRO B...","$1381.13","Asus ASUSPRO B9440UA-GV0279R Gray, 14"" FHD, Core i7-7500U, 16GB, 512GB SSD, Windows 10 Pro, Eng kbd","4 reviews","0","https://webscraper.io/test-sites/e-commerce/allinone/product/146","Computers > Laptops","1381.13","4"
"Lenovo Legion...","$1399","Lenovo Legion Y720, 15.6"" FHD IPS, Core i7-7700HQ, 8GB, 128GB SSD + 2TB HDD, GeForce GTX 1060 6GB, DOS, RGB backlit keyboard","8 reviews","0","https://webscraper.io/test-sites/e-commerce/allinone/product/56","Computers > Laptops","1399.0","8"
"Asus ROG Strix...","$1399","Asus ROG Strix GL702VM-GC146T, 17.3"" FHD, Core i7-7700HQ, 8GB, 1TB + 128GB SSD, GeForce GTX 1060 3GB, Windows 10 Home, Eng kbd","10 reviews","0","https://webscraper.io/test-sites/e-commerce/allinone/product/147","Computers > Laptops","1399.0","10"
"Asus ROG Strix...","$1769","Asus ROG Strix GL702ZC-GC154T, 17.3"" FHD, Ryzen 7 1700, 16GB, 256GB + 1TB HDD, Radeon RX 580 4GB, Windows 10 Home","7 reviews","0","https://webscraper.io/test-sites/e-commerce/allinone/product/57","Computers > Laptops","1769.0","7"
"Asus ROG Strix...","$1769","Asus ROG Strix GL702ZC-GC209T, 17.3"" FHD IPS, Ryzen 7 1700, 16GB, 256GB SSD + 1TB HDD, Radeon RX 580 4GB, Windows 10 Home","8 reviews","0","https://webscraper.io/test-sites/e-commerce/allinone/product/58","Computers > Laptops","1769.0","8"
"Asus ROG Strix...","$1799","Asus ROG Strix SCAR Edition GL503VM-ED115T, 15.6"" FHD 120Hz, Core i7-7700HQ, 16GB, 256GB SSD + 1TB SSHD, GeForce GTX 1060 6GB, Windows 10 Home","8 reviews","0","https://webscraper.io/test-sites/e-commerce/allinone/product/59","Computers > Laptops","1799.0","8"
"Lenovo IdeaTab","$69.99","7"" screen, Android","7 reviews","0","https://webscraper.io/test-sites/e-commerce/allinone/product/10","Computers > Tablets","69.99","7"
"IdeaTab A3500L","$88.99","Black, 7"" IPS, Quad-Core 1.2GHz, 8GB, Android 4.2","7 reviews","0","https://webscraper.io/test-sites/e-commerce/allinone/product/15","Computers > Tablets","88.99","7"
"Acer Iconia","$96.99","7"" screen, Android, 16GB","7 reviews","0","https://webscraper.io/test-sites/e-commerce/allinone/product/11","Computers > Tablets","96.99","7"
"Galaxy Tab 3","$97.99","7"", 8GB, Wi-Fi, Android 4.2, White","2 reviews","0","https://webscraper.io/test-sites/e-commerce/allinone/product/18","Computers > Tablets","97.99","2"
"Iconia B1-730H...","$99.99","Black, 7"", 1.6GHz Dual-Core, 8GB, Android 4.4","1 reviews","0","https://webscraper.io/test-sites/e-commerce/allinone/product/27","Computers > Tablets","99.99","1"
"Memo Pad HD 7","$101.99","IPS, Dual-Core 1.2GHz, 8GB, Android 4.3","10 reviews","0","https://webscraper.io/test-sites/e-commerce/allinone/product/23","Computers > Tablets","101.99","10"
"Asus MeMO Pad","$102.99","7"" screen, Android, 8GB","14 reviews","0","https://webscraper.io/test-sites/e-commerce/allinone/product/12","Computers > Tablets","102.99","14"
"Amazon Kindle","$103.99","6"" screen, wifi","3 reviews","0","https://webscraper.io/test-sites/e-commerce/allinone/product/13","Computers > Tablets","103.99","3"
"Galaxy Tab 3","$107.99","7"", 8GB, Wi-Fi, Android 4.2, Yellow","14 reviews","0","https://webscraper.io/test-sites/e-commerce/allinone/product/22","Computers > Tablets","107.99","14"
"IdeaTab A8-50","$121.99","Blue, 8"" IPS, Quad-Core 1.3GHz, 16GB, Android 4.2","13 reviews","0","https://webscraper.io/test-sites/e-commerce/allinone/product/28","Computers > Tablets","121.99","13"
"MeMO Pad 7","$130.99","White, 7"", Atom 1.2GHz, 8GB, Android 4.4","11 reviews","0","https://webscraper.io/test-sites/e-commerce/allinone/product/20","Computers > Tablets","130.99","11"
"IdeaTab A3500-...","$148.99","Blue, 7"" IPS, Quad-Core 1.3GHz, 8GB, 3G, Android 4.2","9 reviews","0","https://webscraper.io/test-sites/e-commerce/allinone/product/17","Computers > Tablets","148.99","9"
"IdeaTab S5000","$172.99","Silver, 7"" IPS, Quad-Core 1.2Ghz, 16GB, 3G, Android 4.2","8 reviews","0","https://webscraper.io/test-sites/e-commerce/allinone/product/26","Computers > Tablets","172.99","8"
"Galaxy Tab 4","$233.99","LTE (SM-T235), Quad-Core 1.2GHz, 8GB, Black","1 reviews","0","https://webscraper.io/test-sites/e-commerce/allinone/product/21","Computers > Tablets","233.99","1"
"Galaxy Tab","$251.99","16GB, White","14 reviews","0","https://webscraper.io/test-sites/e-commerce/allinone/product/16","Computers > Tablets","251.99","14"
"MeMo PAD FHD 1...","$320.99","White, 10.1"" IPS, 1.6GHz, 2GB, 16GB, Android 4.2","7 reviews","0","https://webscraper.io/test-sites/e-commerce/allinone/product/25","Computers > Tablets","320.99","7"
"Galaxy Note","$399.99","10.1"", 3G, Android 4.0, Garnet Red","12 reviews","0","https://webscraper.io/test-sites/e-commerce/allinone/product/29","Computers > Tablets","399.99","12"
"Galaxy Note","$489.99","12.2"", 32GB, WiFi, Android 4.4, White","9 reviews","0","https://webscraper.io/test-sites/e-commerce/allinone/product/19","Computers > Tablets","489.99","9"
"iPad Mini Reti...","$537.99","Wi-Fi + Cellular, 32GB, Silver","8 reviews","0","https://webscraper.io/test-sites/e-commerce/allinone/product/14","Computers > Tablets","537.99","8"
"Galaxy Note 10...","$587.99","10.1"", 32GB, Black","6 reviews","0","https://webscraper.io/test-sites/e-commerce/allinone/product/24","Computers > Tablets","587.99","6"
"Apple iPad Air","$603.99","Wi-Fi, 64GB, Silver","7 reviews","0","https://webscraper.io/test-sites/e-commerce/allinone/product/30","Computers > Tablets","603.99","7"
"LG Optimus","$57.99","3.2"" screen","11 reviews","0","https://webscraper.io/test-sites/e-commerce/allinone/product/2","Phones","57.99","11"
"Sony Xperia","$118.99","GPS, waterproof","6 reviews","0","https://webscraper.io/test-sites/e-commerce/allinone/product/5","Phones","118.99","6"
"Iphone","$899.99","Silver","8 reviews","0","https://webscraper.io/test-sites/e-commerce/allinone/product/8","Phones","899.99","8"
"LG Optimus","$57.99","3.2"" screen","11 reviews","0","https://webscraper.io/test-sites/e-commerce/allinone/product/2","Phones > Phones","57.99","11"
"Sony Xperia","$118.99","GPS, waterproof","6 reviews","0","https://webscraper.io/test-sites/e-commerce/allinone/product/5","Phones > Phones","118.99","6"
"Iphone","$899.99","Silver","8 reviews","0","https://webscraper.io/test-sites/e-commerce/allinone/product/8","Phones > Phones","899.99","8"
"Nokia 123","$24.99","7 day battery","11 reviews","0","https://webscraper.io/test-sites/e-commerce/allinone/product/1","Phones > Touch","24.99","11"
"LG Optimus","$57.99","3.2"" screen","11 reviews","0","https://webscraper.io/test-sites/e-commerce/allinone/product/2","Phones > Touch","57.99","11"
"Samsung Galaxy","$93.99","5 mpx. Android 5.0","3 reviews","0","https://webscraper.io/test-sites/e-commerce/allinone/product/3","Phones > Touch","93.99","3"
"Nokia X","$109.99","Andoid, Jolla dualboot","4 reviews","0","https://webscraper.io/test-sites/e-commerce/allinone/product/4","Phones > Touch","109.99","4"
"Sony Xperia","$118.99","GPS, waterproof","6 reviews","0","https://webscraper.io/test-sites/e-commerce/allinone/product/5","Phones > Touch","118.99","6"
"Ubuntu Edge","$499.99","Sapphire glass","2 reviews","0","https://webscraper.io/test-sites/e-commerce/allinone/product/6","Phones > Touch","499.99","2"
"Iphone","$899.99","White","10 reviews","0","https://webscraper.io/test-sites/e-commerce/allinone/product/7","Phones > Touch","899.99","10"
"Iphone","$899.99","Silver","8 reviews","0","https://webscraper.io/test-sites/e-commerce/allinone/product/8","Phones > Touch","899.99","8"
"Iphone","$899.99","Black","1 reviews","0","https://webscraper.io/test-sites/e-commerce/allinone/product/9","Phones > Touch","899.99","1"
